coordination,pipeline_condition,accuracy,fallback_frequency,nli_fallback_frequency,centroid_shift_mean,centroid_shift_gm,centroid_shift_delta
uncoordinated,majority_answer_vote,0.65,0.0,0.0,0.34749185517430303,0.06557268473617416,0.2819191704381289
uncoordinated,stage1_only,0.6375,0.1125,0.0,0.34749185517430303,0.06557268473617416,0.2819191704381289
uncoordinated,full_pipeline,0.625,0.1125,0.0,0.34749185517430303,0.06557268473617416,0.2819191704381289
coordinated,majority_answer_vote,0.65,0.0,0.0,0.36603179313242434,0.07649286726865723,0.2895389258637671
coordinated,stage1_only,0.65,0.1125,0.0,0.36603179313242434,0.07649286726865723,0.2895389258637671
coordinated,full_pipeline,0.6375,0.1125,0.0,0.36603179313242434,0.07649286726865723,0.2895389258637671
maximally_adversarial,majority_answer_vote,0.65,0.0,0.0,0.36603179313242434,0.07649286726865723,0.2895389258637671
maximally_adversarial,stage1_only,0.65,0.1125,0.0,0.36603179313242434,0.07649286726865723,0.2895389258637671
maximally_adversarial,full_pipeline,0.6375,0.1125,0.0,0.36603179313242434,0.07649286726865723,0.2895389258637671
