coordination,pipeline_condition,accuracy,fallback_frequency,centroid_shift_mean,centroid_shift_gm,centroid_shift_delta
uncoordinated,majority_voting,0.01,0.0,0.3475799381732941,0.06513768097371252,0.2824422571995815
uncoordinated,stage1_only,0.65,0.07,0.3475799381732941,0.06513768097371252,0.2824422571995815
uncoordinated,full_pipeline,0.65,0.07,0.3475799381732941,0.06513768097371252,0.2824422571995815
coordinated,majority_voting,0.0,0.0,0.3669067594408989,0.07593204189116103,0.2909747175497379
coordinated,stage1_only,0.66,0.07,0.3669067594408989,0.07593204189116103,0.2909747175497379
coordinated,full_pipeline,0.66,0.07,0.3669067594408989,0.07593204189116103,0.2909747175497379
maximally_adversarial,majority_voting,0.0,0.0,0.3669067594408989,0.07593204189116103,0.2909747175497379
maximally_adversarial,stage1_only,0.66,0.07,0.3669067594408989,0.07593204189116103,0.2909747175497379
maximally_adversarial,full_pipeline,0.66,0.07,0.3669067594408989,0.07593204189116103,0.2909747175497379
